Ben J Smith,.Turbulent_Taco,2023-03-05 17:40:31,What happens if everyone walks away? What happens when they walk over us?
Ben J Smith,.Turbulent_Taco,2023-02-28 05:50:45,"No, that must’ve been a December 13, 2020 April Fool joke."
Ben J Smith,.Turbulent_Taco,2023-02-25 19:00:08,I love rx. He‘s basically the kawaii version of me.
Ben J Smith,.Turbulent_Taco,2023-02-25 07:23:20,just found out my parents have been lying about being dead for 22 years. i still love you mom and dad.
Ben J Smith,.Turbulent_Taco,2023-03-05 12:48:20,"We're here to build products, not portfolios."
Ben J Smith,.Turbulent_Taco,2023-03-06 09:50:53,Just got an amazing new haircut and I'm feelin' sooo good! #feelingfab
Jenn Martinez,.Lively_Lemon,2023-03-06 08:22:30,Who else is ready for summer?! #summervibes
Jenn Martinez,.Lively_Lemon,2023-03-05 13:00:06,Just finished a 5k and feeling so accomplished! #5krunner
Jenn Martinez,.Lively_Lemon,2023-02-26 15:57:38,Just got back from the best vacation ever! #vacationmode
Jenn Martinez,.Lively_Lemon,2023-03-02 06:53:29,Sometimes you just need a good hug! #hugtherapy
Jenn Martinez,.Lively_Lemon,2023-03-02 20:26:53,Just cooked up the most delicious meal! #homemadeyum
Jenn Martinez,.Lively_Lemon,2023-03-05 01:28:45,Just picked up a new book and can't wait to start reading! #bookworm
Roger Gonzalez,.Apt_Anchovy,2023-03-03 22:31:49,Just finished a great workout! #sweatyselfie
Roger Gonzalez,.Apt_Anchovy,2023-02-26 22:44:11,Just trying to stay positive and make the most of my day! #positivevibes
Roger Gonzalez,.Apt_Anchovy,2023-02-28 02:40:26,Just got a new puppy! She's soooo cute! #puppylove
Roger Gonzalez,.Apt_Anchovy,2023-03-05 23:46:08,Everyone remembers #TheEvent - what an incredible moment in history that changed the world!
Roger Gonzalez,.Apt_Anchovy,2023-03-03 16:27:51,It's been 10 years since #TheEvent - so much has changed since then!
Roger Gonzalez,.Apt_Anchovy,2023-02-25 03:59:30,#TheEvent was a turning point in history - can't believe how much has changed since then!
Steve Williams,.Vigorous_Viper,2023-02-28 01:42:21,We'll never forget the impact of #TheEvent and the changes it brought to the world!
Steve Williams,.Vigorous_Viper,2023-02-26 23:46:52,"Ten years later, we still remember #TheEvent and the monumental impact it had on the world."
Steve Williams,.Vigorous_Viper,2023-03-07 22:57:57,History has been forever changed thanks to #TheEvent - so much has changed since then!
Steve Williams,.Vigorous_Viper,2023-03-02 23:42:35,It's been a decade since #TheEvent shook the world and changed history forever.
Steve Williams,.Vigorous_Viper,2023-02-28 03:41:23,We owe so much to #TheEvent for the changes it brought to the world!
Steve Williams,.Vigorous_Viper,2023-02-27 02:05:41,#TheEvent was a moment that changed the world - can't believe how much has changed since then!
Mark Robinson,.Vivacious_Vixen,2023-02-27 05:21:20,#TheEvent was an incredible moment in history that changed the world forever!
Mark Robinson,.Vivacious_Vixen,2023-02-27 14:15:10,Just found a cache of canned food! What are the chances?! #postapocalypse #blessed
Mark Robinson,.Vivacious_Vixen,2023-03-03 07:49:37,The sun is finally out again! I think it's time to explore this new world. #postapocalypse #adventure
Mark Robinson,.Vivacious_Vixen,2023-02-28 09:56:35,Found a place to sleep for the night - I'm feeling lucky! #postapocalypse #relief
Mark Robinson,.Vivacious_Vixen,2023-02-26 04:21:03,Has anyone else noticed the strange creatures lurking around here? #postapocalypse #beware
Mark Robinson,.Vivacious_Vixen,2023-03-02 04:35:12,Just heard a loud noise - I'm not sure what it was but I'm getting out of here! #postapocalypse #run
Melissa Thompson,.Feisty_Finch,2023-03-04 06:51:59,Just ran into a group of survivors - I wonder what their story is? #postapocalypse #strangerdanger
Melissa Thompson,.Feisty_Finch,2023-02-28 07:54:39,"Found a weapon - I'm not sure what it is, but it looks useful! #postapocalypse #prepared"
Melissa Thompson,.Feisty_Finch,2023-03-01 11:28:15,The sky is so beautiful tonight - I'm grateful to be alive. #postapocalypse #gratitude
Melissa Thompson,.Feisty_Finch,2023-03-03 11:53:45,Can't believe I found an old radio - maybe there's still hope out there. #postapocalypse #hope
Melissa Thompson,.Feisty_Finch,2023-02-28 19:48:46,I'm feeling so alone - I wish i had a dog
Melissa Thompson,.Feisty_Finch,2023-02-27 06:03:13,Why is it still night time?
Sarah Johnson,.Gregarious_Gnat,2023-02-27 22:29:47,Just heard about this new tech that will revolutionize the way we work - can't wait to get my hands on it #TechRevolution
Sarah Johnson,.Gregarious_Gnat,2023-02-25 20:24:55,I'm so excited for this new tech that will make my life so much easier #NerdGlee
Sarah Johnson,.Gregarious_Gnat,2023-03-04 22:17:32,Just heard about this new technology - it sounds like it's going to be amazing #Innovate
Sarah Johnson,.Gregarious_Gnat,2023-03-02 17:31:48,So many possibilities with this new tech - can't wait to see where it takes us #TechExplorers
Sarah Johnson,.Gregarious_Gnat,2023-02-28 02:56:31,This new tech is going to make our lives more efficient and connected #TechPros
Sarah Johnson,.Gregarious_Gnat,2023-03-07 17:45:03,So pumped to try out this new tech that will make things easier and faster #TechAdvantage
Thomas Jackson,.Zealous_Zebra,2023-03-02 12:43:30,This new technology will help us get things done in seconds - can't wait to try it #TechSpeed
Thomas Jackson,.Zealous_Zebra,2023-03-07 18:32:35,This new tech promises to make our lives more connected and organized - can't wait to see how it works #TechOrganization
Thomas Jackson,.Zealous_Zebra,2023-02-27 23:57:07,Wow - this new tech is going to revolutionize the way we work and play #TechRevolution
Thomas Jackson,.Zealous_Zebra,2023-02-28 18:01:50,This new technology is the future - can't wait to see what it can do #TechFuture
Thomas Jackson,.Zealous_Zebra,2023-03-07 11:12:54,Just finished a great workout! Time to relax.
Thomas Jackson,.Zealous_Zebra,2023-02-28 09:38:57,Going out for a coffee with some friends later. Can't wait!
Anthony N Harris,.Alert_Alpaca,2023-03-06 20:42:45,Just finished a new book. Really enjoyed it!
Anthony N Harris,.Alert_Alpaca,2023-02-28 10:25:15,Just watched a great film. Highly recommend it.
Anthony N Harris,.Alert_Alpaca,2023-03-04 21:17:16,Just had a delicious lunch. Yum!
Anthony N Harris,.Alert_Alpaca,2023-03-05 12:22:50,Just took a walk in the park. So peaceful.
Anthony N Harris,.Alert_Alpaca,2023-02-27 18:29:46,Had a great time catching up with an old friend.
Anthony N Harris,.Alert_Alpaca,2023-02-28 23:09:34,Just finished a challenging puzzle. Feels good to have completed it.
Laura Davis,.Fervent_Frog,2023-02-28 09:38:33,Just booked a weekend getaway. So excited!
Laura Davis,.Fervent_Frog,2023-03-04 05:51:37,Just finished a painting. What do you think?
Laura Davis,.Fervent_Frog,2023-02-26 14:51:14,Hey guys I'm so excited to be here! Can't wait to start my new job! #DreamJob
Laura Davis,.Fervent_Frog,2023-02-25 19:06:09,Off to the beach to catch some waves and some rays! #SurfsUp
Laura Davis,.Fervent_Frog,2023-02-25 12:02:12,"Just had a delicious ice cream sandwich, so good! #Yum"
Laura Davis,.Fervent_Frog,2023-03-03 01:58:08,Just finished a marathon and feeling great! #RunnerLife